<?xml version="1.0" encoding="UTF-8"?>
<?xml-stylesheet type="text/xsl" href="datasheetMainDoc.xsl"?>
<ROOT enableCpkPerc="disEnable" dsAuthorName="" dsUserName="ece4466_student_12" parasiticsRunMode="None" dsCreationDateTime="23 May 2024 21:01:54" name="Interactive.5" fnameprefix="Interactive.5" runMode="Single Run, Sweeps and Corners" viewMode="assembler">
    <SETUPSUMMARY cell="MUX" lib="MICROPROCESSOR" view="maestro"/>
    <SCHDIAGRAMS exportPath="/home/ECE4466/ece4466_student_12/MICROPROCESSOR/MUX/maestro/documents/Interactive.5/"/>
    <CORNERS/>
    <VARS/>
    <MODELGROUPS/>
    <TESTS>
        <TEST cell="MUX" state="Interactive.5" simultor="spectre" lib="MICROPROCESSOR" view="schematic">MICROPROCESSOR_MUX_1</TEST>
    </TESTS>
    <RESULTSSUMMARY>
        <RSITEM expType="expr" minVal="No Values" resultName="delay(?wf1 VT(&quot;/DIR_SRAM_B&quot;) ?value1 0.55 ?edge1 &quot;either&quot; ?nth1 1 ?td1 0.0 ?tol1 nil ?wf2 VT(&quot;/DATA_OUT&lt;3>&quot;) ?value2 0.55 ?edge2 &quot;either&quot; ?nth2 1 ?tol2 nil ?td2 nil ?stop nil ?multiple nil)" expName="delay(?wf1 VT(&quot;/DIR_SRAM_B&quot;) ?value1 0.55 ?edge1 &quot;either&quot; ?nth1 1 ?td1 0.0 ?tol1 nil ?wf2 VT(&quot;/DATA_OUT&lt;3>&quot;) ?value2 0.55 ?edge2 &quot;either&quot; ?nth2 1 ?tol2 nil ?td2 nil ?stop nil ?multiple nil)" maxVal="No Values" test="MICROPROCESSOR_MUX_1"/>
        <RSITEM expType="expr" minVal="No Values" resultName="delay(?wf1 VT(&quot;/DIR_SRAM_B&quot;) ?value1 0.55 ?edge1 &quot;either&quot; ?nth1 1 ?td1 0.0 ?tol1 nil ?wf2 VT(&quot;/DATA_OUT&lt;0>&quot;) ?value2 0.55 ?edge2 &quot;either&quot; ?nth2 1 ?tol2 nil ?td2 nil ?stop nil ?multiple nil)" expName="delay(?wf1 VT(&quot;/DIR_SRAM_B&quot;) ?value1 0.55 ?edge1 &quot;either&quot; ?nth1 1 ?td1 0.0 ?tol1 nil ?wf2 VT(&quot;/DATA_OUT&lt;0>&quot;) ?value2 0.55 ?edge2 &quot;either&quot; ?nth2 1 ?tol2 nil ?td2 nil ?stop nil ?multiple nil)" maxVal="No Values" test="MICROPROCESSOR_MUX_1"/>
    </RESULTSSUMMARY>
    <TESTDOCS>
        <TESTDOC testFileName="MICROPROCESSOR_MUX_1" testName="MICROPROCESSOR_MUX_1"/>
    </TESTDOCS>
</ROOT>
